{
	"folders": {},
	"connections": {
		"mariaDB-171fdf120d8-fab62847834abe7": {
			"provider": "mysql",
			"driver": "mariaDB",
			"name": "Base API",
			"save-password": true,
			"read-only": false,
			"virtual-model-id": "mariaDB-171e95e78d5-5f52d22ef79d96f3",
			"configuration": {
				"host": "localhost",
				"port": "3306",
				"database": "base_api",
				"url": "jdbc:mysql://localhost:3306/base_api",
				"home": "/usr",
				"type": "dev"
			}
		}
	},
	"connection-types": {
		"dev": {
			"name": "Development",
			"color": "255,255,255",
			"description": "Regular development database",
			"auto-commit": true,
			"confirm-execute": false,
			"confirm-data-change": false
		}
	}
}