<application>
  <component name="PhpInterpreters">
    <interpreters>
      <interpreter id="0fa55ea5-3bb8-4f97-b9a7-1b6cec1114a9" name="Fleka PHP 7.3" home="vagrant://DATA" debugger_id="php.debugger.XDebug">
        <remote_data VAGRANT_FOLDER="$USER_HOME$/Development/Source/fleka/Vagrant/php73" INTERPRETER_PATH="/usr/bin/php" HELPERS_PATH="/home/vagrant/.phpstorm_helpers" INITIALIZED="false" VALID="true" RUN_AS_ROOT_VIA_SUDO="false" />
      </interpreter>
      <interpreter id="24df3100-053b-443e-b748-ed5aac68abc9" name="Fleka PHP 7.2" home="vagrant://DATA" debugger_id="php.debugger.XDebug">
        <remote_data VAGRANT_FOLDER="$USER_HOME$/Development/Source/fleka/Vagrant/php72" INTERPRETER_PATH="/usr/bin/php" HELPERS_PATH="/home/vagrant/.phpstorm_helpers" INITIALIZED="false" VALID="true" RUN_AS_ROOT_VIA_SUDO="false" />
      </interpreter>
    </interpreters>
  </component>
  <component name="PhpInterpretersPhpInfoCache">
    <phpInfoCache>
      <interpreter name="Fleka PHP 7.2">
        <phpinfo binary_type="PHP" php_cli="/usr/bin/php7.2" path_separator=":" remote_host="10.0.2.2" version="7.2.26-1+0~20191218.33+debian8~1.gbpb5a34b">
          <additional_php_ini>/etc/php/7.2/cli/conf.d/10-mysqlnd.ini, /etc/php/7.2/cli/conf.d/10-opcache.ini, /etc/php/7.2/cli/conf.d/10-pdo.ini, /etc/php/7.2/cli/conf.d/15-xml.ini, /etc/php/7.2/cli/conf.d/20-calendar.ini, /etc/php/7.2/cli/conf.d/20-ctype.ini, /etc/php/7.2/cli/conf.d/20-curl.ini, /etc/php/7.2/cli/conf.d/20-dom.ini, /etc/php/7.2/cli/conf.d/20-exif.ini, /etc/php/7.2/cli/conf.d/20-fileinfo.ini, /etc/php/7.2/cli/conf.d/20-ftp.ini, /etc/php/7.2/cli/conf.d/20-gd.ini, /etc/php/7.2/cli/conf.d/20-gettext.ini, /etc/php/7.2/cli/conf.d/20-iconv.ini, /etc/php/7.2/cli/conf.d/20-igbinary.ini, /etc/php/7.2/cli/conf.d/20-imagick.ini, /etc/php/7.2/cli/conf.d/20-imap.ini, /etc/php/7.2/cli/conf.d/20-intl.ini, /etc/php/7.2/cli/conf.d/20-json.ini, /etc/php/7.2/cli/conf.d/20-mbstring.ini, /etc/php/7.2/cli/conf.d/20-msgpack.ini, /etc/php/7.2/cli/conf.d/20-mysqli.ini, /etc/php/7.2/cli/conf.d/20-pdo_mysql.ini, /etc/php/7.2/cli/conf.d/20-pdo_sqlite.ini, /etc/php/7.2/cli/conf.d/20-phar.ini, /etc/php/7.2/cli/conf.d/20-posix.ini, /etc/php/7.2/cli/conf.d/20-readline.ini, /etc/php/7.2/cli/conf.d/20-redis.ini, /etc/php/7.2/cli/conf.d/20-shmop.ini, /etc/php/7.2/cli/conf.d/20-simplexml.ini, /etc/php/7.2/cli/conf.d/20-sockets.ini, /etc/php/7.2/cli/conf.d/20-sqlite3.ini, /etc/php/7.2/cli/conf.d/20-sysvmsg.ini, /etc/php/7.2/cli/conf.d/20-sysvsem.ini, /etc/php/7.2/cli/conf.d/20-sysvshm.ini, /etc/php/7.2/cli/conf.d/20-tokenizer.ini, /etc/php/7.2/cli/conf.d/20-wddx.ini, /etc/php/7.2/cli/conf.d/20-xdebug.ini, /etc/php/7.2/cli/conf.d/20-xmlreader.ini, /etc/php/7.2/cli/conf.d/20-xmlwriter.ini, /etc/php/7.2/cli/conf.d/20-xsl.ini, /etc/php/7.2/cli/conf.d/20-zip.ini, /etc/php/7.2/cli/conf.d/25-memcached.ini</additional_php_ini>
          <configuration_file>/etc/php/7.2/cli/php.ini</configuration_file>
          <configuration_options>
            <configuration_option name="include_path" value=".:/usr/share/php" />
          </configuration_options>
          <debuggers>
            <debugger_info debugger="xdebug" debugger_version="2.9.0">
              <debug_extensions />
            </debugger_info>
          </debuggers>
          <loaded_extensions>
            <extension name="Core" />
            <extension name="PDO" />
            <extension name="Phar" />
            <extension name="Reflection" />
            <extension name="SPL" />
            <extension name="SimpleXML" />
            <extension name="Zend OPcache" />
            <extension name="calendar" />
            <extension name="ctype" />
            <extension name="curl" />
            <extension name="date" />
            <extension name="dom" />
            <extension name="exif" />
            <extension name="fileinfo" />
            <extension name="filter" />
            <extension name="ftp" />
            <extension name="gd" />
            <extension name="gettext" />
            <extension name="hash" />
            <extension name="iconv" />
            <extension name="igbinary" />
            <extension name="imagick" />
            <extension name="imap" />
            <extension name="intl" />
            <extension name="json" />
            <extension name="libxml" />
            <extension name="mbstring" />
            <extension name="memcached" />
            <extension name="msgpack" />
            <extension name="mysqli" />
            <extension name="mysqlnd" />
            <extension name="openssl" />
            <extension name="pcntl" />
            <extension name="pcre" />
            <extension name="pdo_mysql" />
            <extension name="pdo_sqlite" />
            <extension name="posix" />
            <extension name="readline" />
            <extension name="redis" />
            <extension name="session" />
            <extension name="shmop" />
            <extension name="sockets" />
            <extension name="sodium" />
            <extension name="sqlite3" />
            <extension name="standard" />
            <extension name="sysvmsg" />
            <extension name="sysvsem" />
            <extension name="sysvshm" />
            <extension name="tokenizer" />
            <extension name="wddx" />
            <extension name="xdebug" />
            <extension name="xml" />
            <extension name="xmlreader" />
            <extension name="xmlwriter" />
            <extension name="xsl" />
            <extension name="zip" />
            <extension name="zlib" />
          </loaded_extensions>
        </phpinfo>
      </interpreter>
      <interpreter name="Fleka PHP 7.3">
        <phpinfo binary_type="PHP" php_cli="/usr/bin/php7.3" path_separator=":" remote_host="10.0.2.2" version="7.3.13-1+0~20191218.50+debian8~1.gbp23c2da">
          <additional_php_ini>/etc/php/7.3/cli/conf.d/10-mysqlnd.ini, /etc/php/7.3/cli/conf.d/10-opcache.ini, /etc/php/7.3/cli/conf.d/10-pdo.ini, /etc/php/7.3/cli/conf.d/15-xml.ini, /etc/php/7.3/cli/conf.d/20-calendar.ini, /etc/php/7.3/cli/conf.d/20-ctype.ini, /etc/php/7.3/cli/conf.d/20-curl.ini, /etc/php/7.3/cli/conf.d/20-dom.ini, /etc/php/7.3/cli/conf.d/20-exif.ini, /etc/php/7.3/cli/conf.d/20-fileinfo.ini, /etc/php/7.3/cli/conf.d/20-ftp.ini, /etc/php/7.3/cli/conf.d/20-gd.ini, /etc/php/7.3/cli/conf.d/20-gettext.ini, /etc/php/7.3/cli/conf.d/20-iconv.ini, /etc/php/7.3/cli/conf.d/20-igbinary.ini, /etc/php/7.3/cli/conf.d/20-imagick.ini, /etc/php/7.3/cli/conf.d/20-imap.ini, /etc/php/7.3/cli/conf.d/20-intl.ini, /etc/php/7.3/cli/conf.d/20-json.ini, /etc/php/7.3/cli/conf.d/20-mbstring.ini, /etc/php/7.3/cli/conf.d/20-msgpack.ini, /etc/php/7.3/cli/conf.d/20-mysqli.ini, /etc/php/7.3/cli/conf.d/20-pdo_mysql.ini, /etc/php/7.3/cli/conf.d/20-pdo_sqlite.ini, /etc/php/7.3/cli/conf.d/20-phar.ini, /etc/php/7.3/cli/conf.d/20-posix.ini, /etc/php/7.3/cli/conf.d/20-readline.ini, /etc/php/7.3/cli/conf.d/20-redis.ini, /etc/php/7.3/cli/conf.d/20-shmop.ini, /etc/php/7.3/cli/conf.d/20-simplexml.ini, /etc/php/7.3/cli/conf.d/20-sockets.ini, /etc/php/7.3/cli/conf.d/20-sqlite3.ini, /etc/php/7.3/cli/conf.d/20-sysvmsg.ini, /etc/php/7.3/cli/conf.d/20-sysvsem.ini, /etc/php/7.3/cli/conf.d/20-sysvshm.ini, /etc/php/7.3/cli/conf.d/20-tokenizer.ini, /etc/php/7.3/cli/conf.d/20-wddx.ini, /etc/php/7.3/cli/conf.d/20-xdebug.ini, /etc/php/7.3/cli/conf.d/20-xmlreader.ini, /etc/php/7.3/cli/conf.d/20-xmlwriter.ini, /etc/php/7.3/cli/conf.d/20-xsl.ini, /etc/php/7.3/cli/conf.d/20-zip.ini, /etc/php/7.3/cli/conf.d/25-memcached.ini</additional_php_ini>
          <configuration_file>/etc/php/7.3/cli/php.ini</configuration_file>
          <configuration_options>
            <configuration_option name="include_path" value=".:/usr/share/php" />
          </configuration_options>
          <debuggers>
            <debugger_info debugger="xdebug" debugger_version="2.9.0">
              <debug_extensions />
            </debugger_info>
          </debuggers>
          <loaded_extensions>
            <extension name="Core" />
            <extension name="PDO" />
            <extension name="Phar" />
            <extension name="Reflection" />
            <extension name="SPL" />
            <extension name="SimpleXML" />
            <extension name="Zend OPcache" />
            <extension name="calendar" />
            <extension name="ctype" />
            <extension name="curl" />
            <extension name="date" />
            <extension name="dom" />
            <extension name="exif" />
            <extension name="fileinfo" />
            <extension name="filter" />
            <extension name="ftp" />
            <extension name="gd" />
            <extension name="gettext" />
            <extension name="hash" />
            <extension name="iconv" />
            <extension name="igbinary" />
            <extension name="imagick" />
            <extension name="imap" />
            <extension name="intl" />
            <extension name="json" />
            <extension name="libxml" />
            <extension name="mbstring" />
            <extension name="memcached" />
            <extension name="msgpack" />
            <extension name="mysqli" />
            <extension name="mysqlnd" />
            <extension name="openssl" />
            <extension name="pcntl" />
            <extension name="pcre" />
            <extension name="pdo_mysql" />
            <extension name="pdo_sqlite" />
            <extension name="posix" />
            <extension name="readline" />
            <extension name="redis" />
            <extension name="session" />
            <extension name="shmop" />
            <extension name="sockets" />
            <extension name="sodium" />
            <extension name="sqlite3" />
            <extension name="standard" />
            <extension name="sysvmsg" />
            <extension name="sysvsem" />
            <extension name="sysvshm" />
            <extension name="tokenizer" />
            <extension name="wddx" />
            <extension name="xdebug" />
            <extension name="xml" />
            <extension name="xmlreader" />
            <extension name="xmlwriter" />
            <extension name="xsl" />
            <extension name="zip" />
            <extension name="zlib" />
          </loaded_extensions>
        </phpinfo>
      </interpreter>
    </phpInfoCache>
  </component>
  <component name="PhpUnit">
    <phpunit_settings>
      <phpunit_by_interpreter interpreter_id="0fa55ea5-3bb8-4f97-b9a7-1b6cec1114a9" configuration_file_path="/vagrant/www/portalanalitika_api/phpunit.xml" custom_loader_path="/vagrant/www/portalanalitika_api/vendor/autoload.php" phpunit_phar_path="" use_configuration_file="true" />
    </phpunit_settings>
  </component>
</application>