{
	"folders": {
		"Culture": {},
		"Dreammontenegro": {},
		"EPCG": {},
		"Euromix": {},
		"Fiat": {},
		"Evidencija": {},
		"Glosarij": {},
		"HB Donations": {},
		"HP Track": {},
		"IJZCG": {},
		"Maxima": {},
		"Media API": {},
		"MiniRaf": {},
		"MJU": {},
		"NLB": {},
		"NLB Krediti": {},
		"Paradiso": {},
		"PHP 5.6": {},
		"PHP 7.2": {},
		"PHP 7.3": {},
		"Pobjeda": {},
		"Portal Analitika": {},
		"Talkini": {},
		"Prilike": {},
		"TLC": {}
	},
	"connections": {
		"mariaDB-16f2489c635-2179916500f7f8b1": {
			"provider": "mysql",
			"driver": "mariaDB",
			"name": "PHP 7.3",
			"save-password": true,
			"read-only": false,
			"folder": "PHP 7.3",
			"configuration": {
				"host": "localhost",
				"port": "3306",
				"url": "jdbc:mysql://localhost:3306/",
				"type": "dev",
				"handlers": {
					"ssh_tunnel": {
						"type": "TUNNEL",
						"enabled": true,
						"save-password": true,
						"properties": {
							"host": "192.168.99.50",
							"authType": "PASSWORD",
							"port": 22.0,
							"implementation": "jsch"
						}
					}
				}
			}
		},
		"mariaDB-16f248a8c71-70bc11349faccedd": {
			"provider": "mysql",
			"driver": "mariaDB",
			"name": "Portal Analitika",
			"save-password": true,
			"read-only": false,
			"folder": "Portal Analitika",
			"configuration": {
				"host": "localhost",
				"port": "3306",
				"database": "portalanalitika",
				"url": "jdbc:mysql://localhost:3306/portalanalitika",
				"home": "/usr/bin",
				"type": "dev",
				"handlers": {
					"ssh_tunnel": {
						"type": "TUNNEL",
						"enabled": true,
						"save-password": true,
						"properties": {
							"host": "192.168.99.50",
							"authType": "PASSWORD",
							"port": 22.0,
							"implementation": "jsch"
						}
					}
				}
			},
			"filters": [
				{
					"type": "org.jkiss.dbeaver.ext.mysql.model.MySQLCatalog",
					"enabled": true,
					"include": [
						"portalanalitika"
					]
				}
			]
		},
		"mariaDB-16f2de01c3f-431ba794a652d8c9": {
			"provider": "mysql",
			"driver": "mariaDB",
			"name": "PHP 7.2",
			"save-password": true,
			"read-only": false,
			"folder": "PHP 7.2",
			"configuration": {
				"host": "localhost",
				"port": "3306",
				"url": "jdbc:mysql://localhost:3306/",
				"type": "dev",
				"handlers": {
					"ssh_tunnel": {
						"type": "TUNNEL",
						"enabled": true,
						"save-password": true,
						"properties": {
							"host": "192.168.99.40",
							"authType": "PASSWORD",
							"port": 22.0,
							"implementation": "jsch"
						}
					}
				}
			}
		},
		"mariaDB-16f2de582af-2353ca19db6de0f7": {
			"provider": "mysql",
			"driver": "mariaDB",
			"name": "Pobjeda",
			"save-password": true,
			"read-only": false,
			"folder": "Pobjeda",
			"configuration": {
				"host": "localhost",
				"port": "3306",
				"database": "pobjeda",
				"url": "jdbc:mysql://localhost:3306/pobjeda",
				"home": "/usr/bin",
				"type": "dev",
				"handlers": {
					"ssh_tunnel": {
						"type": "TUNNEL",
						"enabled": true,
						"save-password": true,
						"properties": {
							"host": "192.168.99.40",
							"authType": "PASSWORD",
							"port": 22.0,
							"implementation": "jsch"
						}
					}
				}
			},
			"filters": [
				{
					"type": "org.jkiss.dbeaver.ext.mysql.model.MySQLCatalog",
					"enabled": true,
					"include": [
						"pobjeda"
					]
				}
			]
		},
		"mariaDB-16f2de5de86-575801a61e31de5d": {
			"provider": "mysql",
			"driver": "mariaDB",
			"name": "Pobjeda",
			"save-password": true,
			"read-only": false,
			"folder": "Pobjeda",
			"configuration": {
				"host": "localhost",
				"port": "3306",
				"database": "psnhzecfkz",
				"url": "jdbc:mysql://localhost:3306/psnhzecfkz",
				"home": "/usr/bin",
				"type": "test",
				"config-profile": "[Fleka] Fabrika 7.2",
				"handlers": {
					"ssh_tunnel": {
						"type": "TUNNEL",
						"enabled": true,
						"save-password": true,
						"properties": {
							"host": "46.101.228.117",
							"authType": "PASSWORD",
							"port": 22.0,
							"keyPath": "/home/aleksa/.ssh/id_rsa",
							"implementation": "jsch"
						}
					}
				}
			}
		},
		"mariaDB-16f32a7a99c-8ee38618bc251ef": {
			"provider": "mysql",
			"driver": "mariaDB",
			"name": "PHP 5.6",
			"save-password": true,
			"read-only": false,
			"folder": "PHP 5.6",
			"configuration": {
				"host": "localhost",
				"port": "3306",
				"url": "jdbc:mysql://localhost:3306/",
				"type": "dev",
				"handlers": {
					"ssh_tunnel": {
						"type": "TUNNEL",
						"enabled": true,
						"save-password": true,
						"properties": {
							"host": "192.168.99.10",
							"authType": "PUBLIC_KEY",
							"port": 22.0,
							"keyPath": "/home/aleksa/.ssh/id_rsa",
							"implementation": "jsch"
						}
					}
				}
			}
		},
		"mariaDB-16f32ca1692-4b3613f639dea466": {
			"provider": "mysql",
			"driver": "mariaDB",
			"name": "Dreammontenegro",
			"save-password": true,
			"read-only": false,
			"folder": "Dreammontenegro",
			"configuration": {
				"host": "localhost",
				"port": "3306",
				"database": "dreammontenegro",
				"url": "jdbc:mysql://localhost:3306/dreammontenegro",
				"home": "/usr",
				"type": "dev",
				"handlers": {
					"ssh_tunnel": {
						"type": "TUNNEL",
						"enabled": true,
						"save-password": true,
						"properties": {
							"host": "192.168.99.10",
							"authType": "PUBLIC_KEY",
							"port": 22.0,
							"keyPath": "/home/aleksa/.ssh/id_rsa",
							"implementation": "jsch"
						}
					}
				}
			},
			"filters": [
				{
					"type": "org.jkiss.dbeaver.ext.mysql.model.MySQLCatalog",
					"enabled": true,
					"include": [
						"dreammontenegro"
					]
				}
			]
		},
		"mariaDB-16f32cb3a3d-1bbfd5d59d5841": {
			"provider": "mysql",
			"driver": "mariaDB",
			"name": "Dreammontenegro",
			"save-password": true,
			"read-only": false,
			"folder": "Dreammontenegro",
			"configuration": {
				"host": "localhost",
				"port": "3306",
				"database": "sghvgawstq",
				"url": "jdbc:mysql://localhost:3306/sghvgawstq",
				"home": "/usr",
				"type": "test",
				"config-profile": "[Fleka] Fabrika 5.6",
				"handlers": {
					"ssh_tunnel": {
						"type": "TUNNEL",
						"enabled": true,
						"save-password": true,
						"properties": {
							"host": "206.81.31.40",
							"authType": "PASSWORD",
							"port": 22.0,
							"implementation": "jsch"
						}
					}
				}
			}
		},
		"mariaDB-16f32ce99d0-5c07b8cb28d01ab6": {
			"provider": "mysql",
			"driver": "mariaDB",
			"name": "Dreammontenegro",
			"save-password": true,
			"read-only": false,
			"folder": "Dreammontenegro",
			"configuration": {
				"host": "localhost",
				"port": "3306",
				"database": "nscmsqhwkk",
				"url": "jdbc:mysql://localhost:3306/nscmsqhwkk",
				"home": "/usr",
				"type": "prod",
				"handlers": {
					"ssh_tunnel": {
						"type": "TUNNEL",
						"enabled": true,
						"save-password": true,
						"properties": {
							"host": "157.230.26.73",
							"authType": "PASSWORD",
							"port": 22.0,
							"implementation": "jsch"
						}
					}
				},
				"bootstrap": {
					"autocommit": true
				}
			}
		},
		"mariaDB-16f32fe50d7-25e621b43a9eaab5": {
			"provider": "mysql",
			"driver": "mariaDB",
			"name": "NLB",
			"save-password": true,
			"read-only": false,
			"folder": "NLB",
			"configuration": {
				"host": "localhost",
				"port": "3306",
				"database": "nlb",
				"url": "jdbc:mysql://localhost:3306/nlb",
				"home": "/usr",
				"type": "dev",
				"handlers": {
					"ssh_tunnel": {
						"type": "TUNNEL",
						"enabled": true,
						"save-password": true,
						"properties": {
							"host": "192.168.99.10",
							"authType": "PUBLIC_KEY",
							"port": 22.0,
							"keyPath": "/home/aleksa/.ssh/id_rsa",
							"implementation": "jsch"
						}
					}
				}
			},
			"filters": [
				{
					"type": "org.jkiss.dbeaver.ext.mysql.model.MySQLCatalog",
					"enabled": true,
					"include": [
						"nlb"
					]
				}
			]
		},
		"mariaDB-16f32ffdf74-42a3c182288ea6bf": {
			"provider": "mysql",
			"driver": "mariaDB",
			"name": "NLB",
			"save-password": true,
			"read-only": false,
			"folder": "NLB",
			"configuration": {
				"host": "localhost",
				"port": "3306",
				"database": "xpvuhhyrzn",
				"url": "jdbc:mysql://localhost:3306/xpvuhhyrzn",
				"home": "/usr",
				"type": "test",
				"config-profile": "[Fleka] Fabrika 7.0",
				"handlers": {
					"ssh_tunnel": {
						"type": "TUNNEL",
						"enabled": true,
						"save-password": true,
						"properties": {
							"host": "46.101.213.225",
							"authType": "PASSWORD",
							"port": 22.0,
							"implementation": "jsch"
						}
					}
				}
			}
		},
		"mariaDB-16f331ea3f5-986d0b70d3a2304": {
			"provider": "mysql",
			"driver": "mariaDB",
			"name": "NLB Krediti",
			"save-password": true,
			"read-only": false,
			"folder": "NLB Krediti",
			"configuration": {
				"host": "localhost",
				"port": "3306",
				"database": "nlb_brzi_kredit",
				"url": "jdbc:mysql://localhost:3306/nlb_brzi_kredit",
				"home": "/usr",
				"type": "dev",
				"handlers": {
					"ssh_tunnel": {
						"type": "TUNNEL",
						"enabled": true,
						"save-password": true,
						"properties": {
							"host": "192.168.99.10",
							"authType": "PUBLIC_KEY",
							"port": 22.0,
							"keyPath": "/home/aleksa/.ssh/id_rsa",
							"implementation": "jsch"
						}
					}
				}
			},
			"filters": [
				{
					"type": "org.jkiss.dbeaver.ext.mysql.model.MySQLCatalog",
					"enabled": true,
					"include": [
						"nlb_brzi_kredit"
					]
				}
			]
		},
		"mariaDB-16f333255a4-77f4f4135ecf9745": {
			"provider": "mysql",
			"driver": "mariaDB",
			"name": "NLB Krediti",
			"save-password": true,
			"read-only": false,
			"folder": "NLB Krediti",
			"configuration": {
				"host": "localhost",
				"port": "3306",
				"database": "cpseqxwzzy",
				"url": "jdbc:mysql://localhost:3306/cpseqxwzzy",
				"home": "/usr",
				"type": "test",
				"config-profile": "[Fleka] Fabrika 7.0",
				"handlers": {
					"ssh_tunnel": {
						"type": "TUNNEL",
						"enabled": true,
						"save-password": true,
						"properties": {
							"host": "46.101.213.225",
							"authType": "PASSWORD",
							"port": 22.0,
							"implementation": "jsch"
						}
					}
				}
			}
		},
		"mariaDB-16f3337f907-1eed4c3c69888f87": {
			"provider": "mysql",
			"driver": "mariaDB",
			"name": "EPCG",
			"save-password": true,
			"read-only": false,
			"folder": "EPCG",
			"configuration": {
				"host": "localhost",
				"port": "3306",
				"database": "epcg_payments",
				"url": "jdbc:mysql://localhost:3306/epcg_payments",
				"home": "/usr",
				"type": "dev",
				"handlers": {
					"ssh_tunnel": {
						"type": "TUNNEL",
						"enabled": true,
						"save-password": true,
						"properties": {
							"host": "192.168.99.40",
							"authType": "PASSWORD",
							"port": 22.0,
							"implementation": "jsch"
						}
					}
				}
			}
		},
		"mariaDB-16f334714a8-b519f5c3821e4c1": {
			"provider": "mysql",
			"driver": "mariaDB",
			"name": "Paradiso",
			"save-password": true,
			"read-only": false,
			"folder": "Paradiso",
			"configuration": {
				"host": "localhost",
				"port": "3306",
				"database": "paradiso",
				"url": "jdbc:mysql://localhost:3306/paradiso",
				"home": "/usr",
				"type": "dev",
				"handlers": {
					"ssh_tunnel": {
						"type": "TUNNEL",
						"enabled": true,
						"save-password": true,
						"properties": {
							"host": "192.168.99.40",
							"authType": "PASSWORD",
							"port": 22.0,
							"implementation": "jsch"
						}
					}
				}
			},
			"filters": [
				{
					"type": "org.jkiss.dbeaver.ext.mysql.model.MySQLCatalog",
					"enabled": true,
					"include": [
						"paradiso"
					]
				}
			]
		},
		"mariaDB-16f334818db-1757be1c171bd3ac": {
			"provider": "mysql",
			"driver": "mariaDB",
			"name": "Paradiso",
			"save-password": true,
			"read-only": false,
			"folder": "Paradiso",
			"configuration": {
				"host": "localhost",
				"port": "3306",
				"database": "gnwygvtagu",
				"url": "jdbc:mysql://localhost:3306/gnwygvtagu",
				"home": "/usr",
				"type": "test",
				"config-profile": "[Fleka] Fabrika 7.2",
				"handlers": {
					"ssh_tunnel": {
						"type": "TUNNEL",
						"enabled": true,
						"save-password": true,
						"properties": {
							"host": "46.101.228.117",
							"authType": "PASSWORD",
							"port": 22.0,
							"keyPath": "/home/aleksa/.ssh/id_rsa",
							"implementation": "jsch"
						}
					}
				}
			}
		},
		"mariaDB-16f334a63f9-e4c72edb5082d02": {
			"provider": "mysql",
			"driver": "mariaDB",
			"name": "Paradiso",
			"save-password": true,
			"read-only": false,
			"folder": "Paradiso",
			"configuration": {
				"host": "localhost",
				"port": "3306",
				"database": "tkcxbrxpvt",
				"url": "jdbc:mysql://localhost:3306/tkcxbrxpvt",
				"home": "/usr",
				"type": "prod",
				"handlers": {
					"ssh_tunnel": {
						"type": "TUNNEL",
						"enabled": true,
						"save-password": true,
						"properties": {
							"host": "206.81.30.170",
							"authType": "PASSWORD",
							"port": 22.0,
							"keyPath": "/home/aleksa/.ssh/id_rsa",
							"implementation": "jsch"
						}
					}
				}
			}
		},
		"mariaDB-16f37164146-2ed6c32a279e24fd": {
			"provider": "mysql",
			"driver": "mariaDB",
			"name": "Portal Analitika",
			"save-password": true,
			"read-only": false,
			"folder": "Portal Analitika",
			"configuration": {
				"host": "localhost",
				"port": "3306",
				"database": "ajarhypjxr",
				"url": "jdbc:mysql://localhost:3306/ajarhypjxr",
				"home": "/usr/bin",
				"type": "test",
				"config-profile": "[Fleka] Fabrika 7.2",
				"handlers": {
					"ssh_tunnel": {
						"type": "TUNNEL",
						"enabled": true,
						"save-password": true,
						"properties": {
							"host": "46.101.228.117",
							"authType": "PASSWORD",
							"port": 22.0,
							"keyPath": "/home/aleksa/.ssh/id_rsa",
							"implementation": "jsch"
						}
					}
				}
			}
		},
		"mariaDB-16f3d2e6763-6621804c272b2a45": {
			"provider": "mysql",
			"driver": "mariaDB",
			"name": "IJZCG",
			"save-password": true,
			"read-only": false,
			"folder": "IJZCG",
			"configuration": {
				"host": "localhost",
				"port": "3306",
				"url": "jdbc:mysql://localhost:3306/",
				"home": "/usr",
				"type": "dev",
				"handlers": {
					"ssh_tunnel": {
						"type": "TUNNEL",
						"enabled": true,
						"save-password": true,
						"properties": {
							"host": "192.168.99.50",
							"authType": "PASSWORD",
							"port": 22.0,
							"implementation": "jsch"
						}
					}
				}
			}
		},
		"mariaDB-16f3d371eea-6dfd4d8212e31139": {
			"provider": "mysql",
			"driver": "mariaDB",
			"name": "IJZCG",
			"save-password": true,
			"read-only": false,
			"folder": "IJZCG",
			"configuration": {
				"host": "localhost",
				"port": "3306",
				"database": "drrmdsskqd",
				"url": "jdbc:mysql://localhost:3306/drrmdsskqd",
				"home": "/usr",
				"type": "test",
				"config-profile": "[Fleka] Fabrika 7.2",
				"handlers": {
					"ssh_tunnel": {
						"type": "TUNNEL",
						"enabled": true,
						"save-password": true,
						"properties": {
							"host": "46.101.228.117",
							"authType": "PASSWORD",
							"port": 22.0,
							"keyPath": "/home/aleksa/.ssh/id_rsa",
							"implementation": "jsch"
						}
					}
				}
			}
		},
		"mariaDB-16f4712a458-2525dc4ad91397b4": {
			"provider": "mysql",
			"driver": "mariaDB",
			"name": "Portal Analitika",
			"save-password": true,
			"read-only": false,
			"folder": "Portal Analitika",
			"configuration": {
				"host": "localhost",
				"port": "3306",
				"database": "ecgdznjhky",
				"url": "jdbc:mysql://localhost:3306/ecgdznjhky",
				"home": "/usr",
				"type": "prod",
				"handlers": {
					"ssh_tunnel": {
						"type": "TUNNEL",
						"enabled": true,
						"save-password": true,
						"properties": {
							"host": "46.101.197.167",
							"authType": "PASSWORD",
							"port": 22.0,
							"keyPath": "/home/aleksa/.ssh/id_rsa",
							"implementation": "jsch"
						}
					}
				}
			}
		},
		"mariaDB-16f6b84b1c5-1df5f0ece1f48981": {
			"provider": "mysql",
			"driver": "mariaDB",
			"name": "HPTrack",
			"save-password": true,
			"read-only": false,
			"folder": "HP Track",
			"configuration": {
				"host": "localhost",
				"port": "3306",
				"database": "rental_scraper",
				"url": "jdbc:mysql://localhost:3306/rental_scraper",
				"type": "dev",
				"handlers": {
					"ssh_tunnel": {
						"type": "TUNNEL",
						"enabled": true,
						"save-password": true,
						"properties": {
							"host": "192.168.99.40",
							"authType": "PASSWORD",
							"port": 22.0,
							"implementation": "jsch"
						}
					}
				}
			},
			"filters": [
				{
					"type": "org.jkiss.dbeaver.ext.mysql.model.MySQLCatalog",
					"enabled": true,
					"include": [
						"rental_scraper"
					]
				}
			]
		},
		"mariaDB-16f9dc9c326-3af483459fb42a24": {
			"provider": "mysql",
			"driver": "mariaDB",
			"name": "Media API",
			"save-password": true,
			"read-only": false,
			"folder": "Media API",
			"configuration": {
				"host": "localhost",
				"port": "3306",
				"url": "jdbc:mysql://localhost:3306/",
				"home": "/usr/bin",
				"type": "dev",
				"handlers": {
					"ssh_tunnel": {
						"type": "TUNNEL",
						"enabled": true,
						"save-password": true,
						"properties": {
							"host": "192.168.99.50",
							"authType": "PASSWORD",
							"port": 22.0,
							"implementation": "jsch"
						}
					}
				}
			},
			"filters": [
				{
					"type": "org.jkiss.dbeaver.ext.mysql.model.MySQLCatalog",
					"enabled": true,
					"include": [
						"fleka_media"
					]
				}
			]
		},
		"mariaDB-16feb2925cd-68efcc821c751887": {
			"provider": "mysql",
			"driver": "mariaDB",
			"name": "Glosarij",
			"save-password": true,
			"read-only": false,
			"folder": "Glosarij",
			"configuration": {
				"host": "localhost",
				"port": "3306",
				"database": "glosarij",
				"url": "jdbc:mysql://localhost:3306/glosarij",
				"home": "/usr",
				"type": "dev",
				"handlers": {
					"ssh_tunnel": {
						"type": "TUNNEL",
						"enabled": true,
						"save-password": true,
						"properties": {
							"host": "192.168.99.40",
							"authType": "PASSWORD",
							"port": 22.0,
							"implementation": "jsch"
						}
					}
				}
			},
			"filters": [
				{
					"type": "org.jkiss.dbeaver.ext.mysql.model.MySQLCatalog",
					"enabled": true,
					"include": [
						"glosarij"
					]
				}
			]
		},
		"mariaDB-16feb4fad31-3475945bd7e56dd3": {
			"provider": "mysql",
			"driver": "mariaDB",
			"name": "Glosarij",
			"save-password": true,
			"read-only": false,
			"folder": "Glosarij",
			"configuration": {
				"host": "localhost",
				"port": "3306",
				"database": "vegcqgqdeq",
				"url": "jdbc:mysql://localhost:3306/vegcqgqdeq",
				"home": "/usr",
				"type": "prod",
				"config-profile": "[Fleka] Voyager",
				"handlers": {
					"ssh_tunnel": {
						"type": "TUNNEL",
						"enabled": true,
						"save-password": true,
						"properties": {
							"host": "138.68.110.197",
							"authType": "PUBLIC_KEY",
							"port": 22.0,
							"keyPath": "/home/aleksa/.ssh/id_rsa",
							"implementation": "jsch"
						}
					}
				}
			}
		},
		"mariaDB-17042b76586-5fbdf8e642138d65": {
			"provider": "mysql",
			"driver": "mariaDB",
			"name": "Euromix",
			"save-password": true,
			"read-only": false,
			"folder": "Euromix",
			"configuration": {
				"host": "localhost",
				"port": "3306",
				"database": "euromix",
				"url": "jdbc:mysql://localhost:3306/euromix",
				"type": "dev",
				"handlers": {
					"ssh_tunnel": {
						"type": "TUNNEL",
						"enabled": true,
						"save-password": true,
						"properties": {
							"host": "192.168.99.50",
							"authType": "PASSWORD",
							"port": 22.0,
							"implementation": "jsch"
						}
					}
				}
			},
			"filters": [
				{
					"type": "org.jkiss.dbeaver.ext.mysql.model.MySQLCatalog",
					"enabled": true,
					"include": [
						"euromix"
					]
				}
			]
		},
		"mariaDB-17061f82395-1cb2fcacfb0782aa": {
			"provider": "mysql",
			"driver": "mariaDB",
			"name": "Euromix",
			"save-password": true,
			"read-only": false,
			"folder": "Euromix",
			"configuration": {
				"host": "localhost",
				"port": "3306",
				"database": "kpjqcjdcfs",
				"url": "jdbc:mysql://localhost:3306/kpjqcjdcfs",
				"home": "/usr",
				"type": "test",
				"config-profile": "[Fleka] Fabrika 7.2",
				"handlers": {
					"ssh_tunnel": {
						"type": "TUNNEL",
						"enabled": true,
						"save-password": true,
						"properties": {
							"host": "46.101.228.117",
							"authType": "PASSWORD",
							"port": 22.0,
							"keyPath": "/home/aleksa/.ssh/id_rsa",
							"implementation": "jsch"
						}
					}
				}
			}
		},
		"mariaDB-17066a47427-373c6a8904a7b58e": {
			"provider": "mysql",
			"driver": "mariaDB",
			"name": "Prilike",
			"save-password": true,
			"read-only": false,
			"folder": "Prilike",
			"configuration": {
				"host": "localhost",
				"port": "3306",
				"database": "prilike",
				"url": "jdbc:mysql://localhost:3306/prilike",
				"type": "dev",
				"handlers": {
					"ssh_tunnel": {
						"type": "TUNNEL",
						"enabled": true,
						"save-password": true,
						"properties": {
							"host": "192.168.99.50",
							"authType": "PASSWORD",
							"port": 22.0,
							"implementation": "jsch"
						}
					}
				}
			},
			"filters": [
				{
					"type": "org.jkiss.dbeaver.ext.mysql.model.MySQLCatalog",
					"enabled": true,
					"include": [
						"prilike"
					]
				}
			]
		},
		"mariaDB-170866c876a-72c3227de442542d": {
			"provider": "mysql",
			"driver": "mariaDB",
			"name": "MiniRaf",
			"save-password": true,
			"read-only": false,
			"folder": "MiniRaf",
			"configuration": {
				"host": "localhost",
				"port": "3306",
				"database": "miniraf",
				"url": "jdbc:mysql://localhost:3306/miniraf",
				"home": "/usr",
				"type": "dev",
				"handlers": {
					"ssh_tunnel": {
						"type": "TUNNEL",
						"enabled": true,
						"save-password": true,
						"properties": {
							"host": "192.168.99.50",
							"authType": "PASSWORD",
							"port": 22.0,
							"implementation": "jsch"
						}
					}
				}
			},
			"filters": [
				{
					"type": "org.jkiss.dbeaver.ext.mysql.model.MySQLCatalog",
					"enabled": true,
					"include": [
						"miniraf"
					]
				}
			]
		},
		"mariaDB-170866f925e-75fc1006aaea8995": {
			"provider": "mysql",
			"driver": "mariaDB",
			"name": "MiniRaf",
			"save-password": true,
			"read-only": false,
			"folder": "MiniRaf",
			"configuration": {
				"host": "localhost",
				"port": "3306",
				"database": "kxrekkqqvd",
				"url": "jdbc:mysql://localhost:3306/kxrekkqqvd",
				"home": "/usr",
				"type": "test",
				"config-profile": "[Fleka] Fabrika 7.2",
				"handlers": {
					"ssh_tunnel": {
						"type": "TUNNEL",
						"enabled": true,
						"save-password": true,
						"properties": {
							"host": "46.101.228.117",
							"authType": "PASSWORD",
							"port": 22.0,
							"keyPath": "/home/aleksa/.ssh/id_rsa",
							"implementation": "jsch"
						}
					}
				}
			}
		},
		"mariaDB-170cdac5ae8-f0694ece02b7a67": {
			"provider": "mysql",
			"driver": "mariaDB",
			"name": "Fiat",
			"save-password": true,
			"read-only": false,
			"folder": "Fiat",
			"configuration": {
				"host": "localhost",
				"port": "3306",
				"url": "jdbc:mysql://localhost:3306/",
				"home": "/usr",
				"type": "dev",
				"handlers": {
					"ssh_tunnel": {
						"type": "TUNNEL",
						"enabled": true,
						"save-password": true,
						"properties": {
							"host": "192.168.99.40",
							"authType": "PASSWORD",
							"port": 22.0,
							"implementation": "jsch"
						}
					}
				}
			},
			"filters": [
				{
					"type": "org.jkiss.dbeaver.ext.mysql.model.MySQLCatalog",
					"enabled": true,
					"include": [
						"fiat_montenegro"
					]
				}
			]
		},
		"mariaDB-170cdb3b778-96c84d1904bf81f": {
			"provider": "mysql",
			"driver": "mariaDB",
			"name": "Fiat",
			"save-password": true,
			"read-only": false,
			"folder": "Fiat",
			"configuration": {
				"host": "localhost",
				"port": "3306",
				"database": "afejmgdexf",
				"url": "jdbc:mysql://localhost:3306/afejmgdexf",
				"home": "/usr",
				"type": "prod",
				"config-profile": "[Fleka] Voyager",
				"handlers": {
					"ssh_tunnel": {
						"type": "TUNNEL",
						"enabled": true,
						"save-password": true,
						"properties": {
							"host": "138.68.110.197",
							"authType": "PUBLIC_KEY",
							"port": 22.0,
							"keyPath": "/home/aleksa/.ssh/id_rsa",
							"implementation": "jsch"
						}
					}
				}
			}
		},
		"mariaDB-170f37cf3dd-26c65b4e38315af5": {
			"provider": "mysql",
			"driver": "mariaDB",
			"name": "NLB",
			"save-password": true,
			"read-only": false,
			"folder": "NLB",
			"configuration": {
				"host": "10.10.10.5",
				"port": "3306",
				"url": "jdbc:mysql://10.10.10.5:3306/",
				"home": "/usr",
				"type": "prod",
				"handlers": {
					"ssh_tunnel": {
						"type": "TUNNEL",
						"enabled": true,
						"save-password": true,
						"properties": {
							"host": "82.214.88.5",
							"authType": "PUBLIC_KEY",
							"port": 4321.0,
							"keyPath": "/home/aleksa/.ssh/nlb_user",
							"implementation": "jsch"
						}
					}
				}
			}
		},
		"mariaDB-171066d3047-29a3811c91d005df": {
			"provider": "mysql",
			"driver": "mariaDB",
			"name": "MJU",
			"save-password": true,
			"read-only": false,
			"folder": "MJU",
			"configuration": {
				"host": "localhost",
				"port": "3306",
				"database": "mju",
				"url": "jdbc:mysql://localhost:3306/mju",
				"home": "/usr",
				"type": "dev",
				"handlers": {
					"ssh_tunnel": {
						"type": "TUNNEL",
						"enabled": true,
						"save-password": true,
						"properties": {
							"host": "192.168.99.50",
							"authType": "PASSWORD",
							"port": 22.0,
							"implementation": "jsch"
						}
					}
				}
			},
			"filters": [
				{
					"type": "org.jkiss.dbeaver.ext.mysql.model.MySQLCatalog",
					"enabled": true,
					"include": [
						"mju"
					]
				}
			]
		},
		"mariaDB-17110b2e21f-15b00e43a389f713": {
			"provider": "mysql",
			"driver": "mariaDB",
			"name": "Evidencija",
			"save-password": true,
			"read-only": false,
			"folder": "Evidencija",
			"configuration": {
				"host": "localhost",
				"port": "3306",
				"database": "evidencija",
				"url": "jdbc:mysql://localhost:3306/evidencija",
				"home": "/usr",
				"type": "dev",
				"handlers": {
					"ssh_tunnel": {
						"type": "TUNNEL",
						"enabled": true,
						"save-password": true,
						"properties": {
							"host": "192.168.99.50",
							"authType": "PASSWORD",
							"port": 22.0,
							"implementation": "jsch"
						}
					}
				}
			},
			"filters": [
				{
					"type": "org.jkiss.dbeaver.ext.mysql.model.MySQLCatalog",
					"enabled": true,
					"include": [
						"evidencija"
					]
				}
			]
		},
		"mariaDB-1711ba83410-ef2107362c4f567": {
			"provider": "mysql",
			"driver": "mariaDB",
			"name": "Evidencija",
			"save-password": true,
			"read-only": false,
			"folder": "Evidencija",
			"configuration": {
				"host": "localhost",
				"port": "3306",
				"database": "nqrgxarpuh",
				"url": "jdbc:mysql://localhost:3306/nqrgxarpuh",
				"type": "test",
				"config-profile": "[Fleka] Fabrika 7.2",
				"handlers": {
					"ssh_tunnel": {
						"type": "TUNNEL",
						"enabled": true,
						"save-password": true,
						"properties": {
							"host": "46.101.228.117",
							"authType": "PASSWORD",
							"port": 22.0,
							"keyPath": "/home/aleksa/.ssh/id_rsa",
							"implementation": "jsch"
						}
					}
				}
			}
		},
		"mariaDB-1712b654f48-2ec991e662d230e7": {
			"provider": "mysql",
			"driver": "mariaDB",
			"name": "MJU",
			"save-password": true,
			"read-only": false,
			"folder": "MJU",
			"configuration": {
				"host": "localhost",
				"port": "3306",
				"database": "jduvsxfcbz",
				"url": "jdbc:mysql://localhost:3306/jduvsxfcbz",
				"home": "/usr",
				"type": "test",
				"config-profile": "[Fleka] Fabrika 7.2",
				"handlers": {
					"ssh_tunnel": {
						"type": "TUNNEL",
						"enabled": true,
						"save-password": true,
						"properties": {
							"host": "46.101.228.117",
							"authType": "PASSWORD",
							"port": 22.0,
							"keyPath": "/home/aleksa/.ssh/id_rsa",
							"implementation": "jsch"
						}
					}
				}
			}
		},
		"mariaDB-1712f7fc6a8-ae6a822d377434a": {
			"provider": "mysql",
			"driver": "mariaDB",
			"name": "Maxima",
			"save-password": true,
			"read-only": false,
			"folder": "Maxima",
			"configuration": {
				"host": "localhost",
				"port": "3306",
				"database": "bnndabtadw",
				"url": "jdbc:mysql://localhost:3306/bnndabtadw",
				"home": "/usr",
				"type": "prod",
				"config-profile": "[Fleka]The Barrens",
				"handlers": {
					"ssh_tunnel": {
						"type": "TUNNEL",
						"enabled": true,
						"save-password": true,
						"properties": {
							"host": "46.101.127.239",
							"authType": "PASSWORD",
							"port": 22.0,
							"implementation": "jsch"
						}
					}
				},
				"bootstrap": {
					"autocommit": true
				}
			}
		},
		"mariaDB-1712f99e33f-35457f6eb33a6789": {
			"provider": "mysql",
			"driver": "mariaDB",
			"name": "Maxima",
			"save-password": true,
			"read-only": false,
			"folder": "Maxima",
			"configuration": {
				"host": "localhost",
				"port": "3306",
				"url": "jdbc:mysql://localhost:3306/",
				"home": "/usr/bin",
				"type": "dev",
				"handlers": {
					"ssh_tunnel": {
						"type": "TUNNEL",
						"enabled": true,
						"save-password": true,
						"properties": {
							"host": "192.168.99.40",
							"authType": "PASSWORD",
							"port": 22.0,
							"implementation": "jsch"
						}
					}
				}
			},
			"filters": [
				{
					"type": "org.jkiss.dbeaver.ext.mysql.model.MySQLCatalog",
					"enabled": true,
					"include": [
						"maxima"
					]
				}
			]
		},
		"mariaDB-1715355ca60-5ce76fcd409b11c": {
			"provider": "mysql",
			"driver": "mariaDB",
			"name": "Culture",
			"save-password": true,
			"read-only": false,
			"folder": "Culture",
			"configuration": {
				"host": "localhost",
				"port": "3306",
				"database": "culture",
				"url": "jdbc:mysql://localhost:3306/culture",
				"home": "/usr",
				"type": "dev",
				"handlers": {
					"ssh_tunnel": {
						"type": "TUNNEL",
						"enabled": true,
						"save-password": true,
						"properties": {
							"host": "192.168.99.50",
							"authType": "PASSWORD",
							"port": 22.0,
							"implementation": "jsch"
						}
					}
				}
			},
			"filters": [
				{
					"type": "org.jkiss.dbeaver.ext.mysql.model.MySQLCatalog",
					"enabled": true,
					"include": [
						"culture"
					]
				}
			]
		},
		"mariaDB-17153576e8d-509758db939e6ff0": {
			"provider": "mysql",
			"driver": "mariaDB",
			"name": "Culture",
			"save-password": true,
			"read-only": false,
			"folder": "Culture",
			"configuration": {
				"host": "localhost",
				"port": "3306",
				"database": "edfzdhmaxz",
				"url": "jdbc:mysql://localhost:3306/edfzdhmaxz",
				"home": "/usr",
				"type": "test",
				"config-profile": "[Fleka] Fabrika 7.2",
				"handlers": {
					"ssh_tunnel": {
						"type": "TUNNEL",
						"enabled": true,
						"save-password": true,
						"properties": {
							"host": "46.101.228.117",
							"authType": "PASSWORD",
							"port": 22.0,
							"keyPath": "/home/aleksa/.ssh/id_rsa",
							"implementation": "jsch"
						}
					}
				}
			}
		},
		"mariaDB-17163029977-6c61b2658576c29a": {
			"provider": "mysql",
			"driver": "mariaDB",
			"name": "Thecollectionserbia",
			"save-password": true,
			"read-only": false,
			"folder": "TLC",
			"configuration": {
				"host": "localhost",
				"port": "3306",
				"database": "thecollectionserbia",
				"url": "jdbc:mysql://localhost:3306/thecollectionserbia",
				"home": "/usr",
				"type": "dev",
				"handlers": {
					"ssh_tunnel": {
						"type": "TUNNEL",
						"enabled": true,
						"save-password": true,
						"properties": {
							"host": "192.168.99.10",
							"authType": "PUBLIC_KEY",
							"port": 22.0,
							"keyPath": "/home/aleksa/.ssh/id_rsa",
							"implementation": "jsch"
						}
					}
				}
			},
			"filters": [
				{
					"type": "org.jkiss.dbeaver.ext.mysql.model.MySQLCatalog",
					"enabled": true,
					"include": [
						"thecollectionserbia"
					]
				}
			]
		},
		"mariaDB-171631fb515-33c01b380ce659c9": {
			"provider": "mysql",
			"driver": "mariaDB",
			"name": "Thecollectionserbia",
			"save-password": true,
			"read-only": false,
			"folder": "TLC",
			"configuration": {
				"host": "localhost",
				"port": "3306",
				"database": "spxxpnyvrm",
				"url": "jdbc:mysql://localhost:3306/spxxpnyvrm",
				"home": "/usr",
				"type": "prod",
				"config-profile": "[Fleka] Stix",
				"handlers": {
					"ssh_tunnel": {
						"type": "TUNNEL",
						"enabled": true,
						"save-password": true,
						"properties": {
							"host": "157.230.26.73",
							"authType": "PASSWORD",
							"port": 22.0,
							"implementation": "jsch"
						}
					}
				}
			}
		},
		"mariaDB-171634aeb1d-57e9b98f83e2947e": {
			"provider": "mysql",
			"driver": "mariaDB",
			"name": "HB Donations",
			"save-password": true,
			"read-only": false,
			"folder": "HB Donations",
			"configuration": {
				"host": "localhost",
				"port": "3306",
				"url": "jdbc:mysql://localhost:3306/",
				"type": "dev",
				"handlers": {
					"ssh_tunnel": {
						"type": "TUNNEL",
						"enabled": true,
						"save-password": true,
						"properties": {
							"host": "192.168.99.50",
							"authType": "PASSWORD",
							"port": 22.0,
							"implementation": "jsch"
						}
					}
				}
			},
			"filters": [
				{
					"type": "org.jkiss.dbeaver.ext.mysql.model.MySQLCatalog",
					"enabled": true,
					"include": [
						"hb_donations"
					]
				}
			]
		},
		"mariaDB-171726cc99a-3f362539018520af": {
			"provider": "mysql",
			"driver": "mariaDB",
			"name": "Theluxurycollection",
			"save-password": true,
			"read-only": false,
			"folder": "TLC",
			"configuration": {
				"host": "localhost",
				"port": "3306",
				"url": "jdbc:mysql://localhost:3306/",
				"home": "/usr",
				"type": "dev",
				"handlers": {
					"ssh_tunnel": {
						"type": "TUNNEL",
						"enabled": true,
						"save-password": true,
						"properties": {
							"host": "192.168.99.10",
							"authType": "PUBLIC_KEY",
							"port": 22.0,
							"keyPath": "/home/aleksa/.ssh/id_rsa",
							"implementation": "jsch"
						}
					}
				}
			},
			"filters": [
				{
					"type": "org.jkiss.dbeaver.ext.mysql.model.MySQLCatalog",
					"enabled": true,
					"include": [
						"theluxurycollection"
					]
				}
			]
		},
		"mariaDB-171726d4b90-78b5e4dc81f5d5a5": {
			"provider": "mysql",
			"driver": "mariaDB",
			"name": "Theluxurycollection",
			"save-password": true,
			"read-only": false,
			"folder": "TLC",
			"configuration": {
				"host": "localhost",
				"port": "3306",
				"database": "egcdakqfbu",
				"url": "jdbc:mysql://localhost:3306/egcdakqfbu",
				"home": "/usr",
				"type": "prod",
				"config-profile": "[Fleka] Stix",
				"handlers": {
					"ssh_tunnel": {
						"type": "TUNNEL",
						"enabled": true,
						"save-password": true,
						"properties": {
							"host": "157.230.26.73",
							"authType": "PASSWORD",
							"port": 22.0,
							"implementation": "jsch"
						}
					}
				}
			}
		},
		"mariaDB-171729736fd-55edef92285e64a2": {
			"provider": "mysql",
			"driver": "mariaDB",
			"name": "TLC Montenegro",
			"save-password": true,
			"read-only": false,
			"folder": "TLC",
			"configuration": {
				"host": "localhost",
				"port": "3306",
				"url": "jdbc:mysql://localhost:3306/",
				"home": "/usr",
				"type": "dev",
				"handlers": {
					"ssh_tunnel": {
						"type": "TUNNEL",
						"enabled": true,
						"save-password": true,
						"properties": {
							"host": "192.168.99.10",
							"authType": "PUBLIC_KEY",
							"port": 22.0,
							"keyPath": "/home/aleksa/.ssh/id_rsa",
							"implementation": "jsch"
						}
					}
				}
			},
			"filters": [
				{
					"type": "org.jkiss.dbeaver.ext.mysql.model.MySQLCatalog",
					"enabled": true,
					"include": [
						"tlcmontenegro"
					]
				}
			]
		},
		"mariaDB-1717297bae0-5df5de1b863f76ef": {
			"provider": "mysql",
			"driver": "mariaDB",
			"name": "TLC Montenegro",
			"save-password": true,
			"read-only": false,
			"folder": "TLC",
			"configuration": {
				"host": "localhost",
				"port": "3306",
				"database": "vdvgdjxrfg",
				"url": "jdbc:mysql://localhost:3306/vdvgdjxrfg",
				"home": "/usr",
				"type": "prod",
				"config-profile": "[Fleka] Stix",
				"handlers": {
					"ssh_tunnel": {
						"type": "TUNNEL",
						"enabled": true,
						"save-password": true,
						"properties": {
							"host": "157.230.26.73",
							"authType": "PASSWORD",
							"port": 22.0,
							"implementation": "jsch"
						}
					}
				}
			}
		},
		"mariaDB-17182a450b8-7963f5beb4038930": {
			"provider": "mysql",
			"driver": "mariaDB",
			"name": "Media API",
			"save-password": true,
			"read-only": false,
			"folder": "Media API",
			"configuration": {
				"host": "localhost",
				"port": "3306",
				"database": "kujgrrtcgs",
				"url": "jdbc:mysql://localhost:3306/kujgrrtcgs",
				"home": "/usr",
				"type": "test",
				"config-profile": "[Fleka] Fabrika 7.2",
				"handlers": {
					"ssh_tunnel": {
						"type": "TUNNEL",
						"enabled": true,
						"save-password": true,
						"properties": {
							"host": "46.101.228.117",
							"authType": "PASSWORD",
							"port": 22.0,
							"keyPath": "/home/aleksa/.ssh/id_rsa",
							"implementation": "jsch"
						}
					}
				}
			}
		},
		"mariaDB-171f4b07741-759e5d81a702ac80": {
			"provider": "mysql",
			"driver": "mariaDB",
			"name": "Talkini (OLD)",
			"save-password": true,
			"read-only": false,
			"folder": "Talkini",
			"configuration": {
				"host": "localhost",
				"port": "3306",
				"database": "bsxfvgnjyp",
				"url": "jdbc:mysql://localhost:3306/bsxfvgnjyp",
				"home": "/usr",
				"type": "prod",
				"config-profile": "[Fleka] Voyager",
				"handlers": {
					"ssh_tunnel": {
						"type": "TUNNEL",
						"enabled": true,
						"save-password": true,
						"properties": {
							"host": "138.68.110.197",
							"authType": "PUBLIC_KEY",
							"port": 22.0,
							"keyPath": "/home/aleksa/.ssh/id_rsa",
							"implementation": "jsch"
						}
					}
				}
			}
		}
	},
	"virtual-models": {
		"mariaDB-16f248a8c71-70bc11349faccedd": {
			"portalanalitika": {
				":comments_reactions": {
					"constraints": {
						"VIRTUAL_PK": {
							"type": "vpk",
							"useAllColumns": true
						}
					}
				}
			}
		}
	},
	"network-profiles": {
		"[Fleka] Fabrika 7.2": {
			"handlers": {
				"ssh_tunnel": {
					"type": "TUNNEL",
					"enabled": true,
					"save-password": true,
					"properties": {
						"host": "46.101.228.117",
						"authType": "PASSWORD",
						"port": 22.0,
						"keyPath": "/home/aleksa/.ssh/id_rsa",
						"implementation": "jsch"
					}
				}
			}
		},
		"[Fleka] Fabrika 5.6": {
			"handlers": {
				"ssh_tunnel": {
					"type": "TUNNEL",
					"enabled": true,
					"save-password": true,
					"properties": {
						"host": "206.81.31.40",
						"authType": "PASSWORD",
						"port": 22.0,
						"implementation": "jsch"
					}
				}
			}
		},
		"[Fleka] Fabrika 7.0": {
			"handlers": {
				"ssh_tunnel": {
					"type": "TUNNEL",
					"enabled": true,
					"save-password": true,
					"properties": {
						"host": "46.101.213.225",
						"authType": "PASSWORD",
						"port": 22.0,
						"implementation": "jsch"
					}
				}
			}
		},
		"[Fleka] Voyager": {
			"handlers": {
				"ssh_tunnel": {
					"type": "TUNNEL",
					"enabled": true,
					"save-password": true,
					"properties": {
						"host": "138.68.110.197",
						"authType": "PUBLIC_KEY",
						"port": 22.0,
						"keyPath": "/home/aleksa/.ssh/id_rsa",
						"implementation": "jsch"
					}
				}
			}
		},
		"[Fleka]The Barrens": {
			"handlers": {
				"ssh_tunnel": {
					"type": "TUNNEL",
					"enabled": true,
					"save-password": true,
					"properties": {
						"host": "46.101.127.239",
						"authType": "PASSWORD",
						"port": 22.0,
						"implementation": "jsch"
					}
				}
			}
		},
		"[Fleka] Stix": {
			"handlers": {
				"ssh_tunnel": {
					"type": "TUNNEL",
					"enabled": true,
					"save-password": true,
					"properties": {
						"host": "157.230.26.73",
						"authType": "PASSWORD",
						"port": 22.0,
						"implementation": "jsch"
					}
				}
			}
		}
	},
	"connection-types": {
		"dev": {
			"name": "Development",
			"color": "255,255,255",
			"description": "Regular development database",
			"auto-commit": true,
			"confirm-execute": false,
			"confirm-data-change": false
		},
		"test": {
			"name": "Staging",
			"color": "245,121,0",
			"description": "Staging server database",
			"auto-commit": true,
			"confirm-execute": false,
			"confirm-data-change": true
		},
		"prod": {
			"name": "Production",
			"color": "204,0,0",
			"description": "Production database",
			"auto-commit": false,
			"confirm-execute": true,
			"confirm-data-change": true
		}
	}
}