{"resources":{"Scripts/Script-1.sql":{"sql-editor-data-source-id":"mariaDB-16f32fe50d7-25e621b43a9eaab5","default-catalog":"nlb"},"Scripts/Script-10.sql":{"sql-editor-data-source-id":"mariaDB-170f37cf3dd-26c65b4e38315af5","default-catalog":"nlb_database"},"Scripts/Script-11.sql":{"sql-editor-data-source-id":"mariaDB-170f37cf3dd-26c65b4e38315af5","default-catalog":"nlb_database"},"Scripts/Script-12.sql":{"sql-editor-data-source-id":"mariaDB-1712f99e33f-35457f6eb33a6789","default-catalog":"maxima"},"Scripts/Script-13.sql":{"sql-editor-data-source-id":"mariaDB-1711ba83410-ef2107362c4f567","default-catalog":"nqrgxarpuh"},"Scripts/Script-14.sql":{"sql-editor-data-source-id":"mariaDB-17182a450b8-7963f5beb4038930","default-catalog":"kujgrrtcgs"},"Scripts/Script-15.sql":{"sql-editor-data-source-id":"mariaDB-171e95e78d5-5f52d22ef79d96f3","default-catalog":"base_api"},"Scripts/Script-2.sql":{"sql-editor-data-source-id":"mariaDB-16f32ffdf74-42a3c182288ea6bf","default-catalog":"xpvuhhyrzn"},"Scripts/Script-3.sql":{"sql-editor-data-source-id":"mariaDB-16f248a8c71-70bc11349faccedd","default-catalog":"portalanalitika"},"Scripts/Script-4.sql":{"sql-editor-data-source-id":"mariaDB-16f32ce99d0-5c07b8cb28d01ab6","default-catalog":"nscmsqhwkk"},"Scripts/Script-5.sql":{"sql-editor-data-source-id":"mariaDB-16f32ca1692-4b3613f639dea466","default-catalog":"dreammontenegro"},"Scripts/Script-6.sql":{"sql-editor-data-source-id":"mariaDB-17110b2e21f-15b00e43a389f713","default-catalog":"evidencija"},"Scripts/Script-7.sql":{"sql-editor-data-source-id":"mariaDB-170cdb3b778-96c84d1904bf81f","default-catalog":"afejmgdexf"},"Scripts/Script-8.sql":{"sql-editor-data-source-id":"mariaDB-170cdb3b778-96c84d1904bf81f","default-catalog":"afejmgdexf"},"Scripts/Script-9.sql":{"sql-editor-data-source-id":"mariaDB-170f37cf3dd-26c65b4e38315af5","default-catalog":"nlb_database"},"Scripts/Script.sql":{"sql-editor-data-source-id":"mariaDB-17061f82395-1cb2fcacfb0782aa"}}}