<code_scheme name="Default" version="173">
  <PHPCodeStyleSettings>
    <option name="ANONYMOUS_BRACE_STYLE" value="2" />
    <option name="IMPORT_SORTING" value="BY_LENGTH" />
    <option name="KEEP_BLANK_LINES_AFTER_LBRACE" value="1" />
    <option name="NAMESPACE_BRACE_STYLE" value="2" />
  </PHPCodeStyleSettings>
  <codeStyleSettings language="PHP">
    <option name="KEEP_BLANK_LINES_IN_DECLARATIONS" value="1" />
    <option name="KEEP_BLANK_LINES_IN_CODE" value="1" />
    <option name="KEEP_BLANK_LINES_BEFORE_RBRACE" value="1" />
  </codeStyleSettings>
</code_scheme>