{
	"folders": {},
	"connections": {
		"mariaDB-171fdec3755-737bc39ce8daaf9": {
			"provider": "mysql",
			"driver": "mariaDB",
			"name": "Amplitudo",
			"save-password": true,
			"read-only": false,
			"configuration": {
				"host": "localhost",
				"port": "3306",
				"url": "jdbc:mysql://localhost:3306/",
				"type": "dev"
			}
		}
	},
	"connection-types": {
		"dev": {
			"name": "Development",
			"color": "255,255,255",
			"description": "Regular development database",
			"auto-commit": true,
			"confirm-execute": false,
			"confirm-data-change": false
		}
	}
}